Customer_ID,Customer_Name,Account_number,Pass_word,Auditor_ID
51516,Tamekah,5.49491E+15,LIG34AWS8SH,41445
85820,Caleb,5.38545E+15,ZPM15GCY0NN,25954
92538,Nigel,5.31162E+15,KRL76SFI2DY,98971
31554,Abel,5.50156E+15,COO20HJL0EL,81224
94914,Wyatt,5.19405E+15,KKY80PRB3NV,52934
86418,Robin,5.42207E+15,ELF56ARE6VV,54208
9140,Rafael,5.23442E+15,GAN33GXE2CC,24253
6569,Riley,5.55956E+15,LWM84XWX4ED,10976
4118,Charlotte,5.49162E+15,ZHV98DXQ1GR,28954
11854,Charissa,5.49767E+15,NUR57CFQ8TN,51254
85671,Hu,5.30496E+15,HTD64LOT9VC,41445
78933,Shaine,5.11282E+15,DWJ23BJW6FB,25954
81129,Madonna,5.39836E+15,DXA61UDX6SB,98971
76420,Kadeem,5.39174E+15,RHW81ZSJ1QX,81224
15936,Francis,5.51626E+15,UFC24IAL2MG,52934
38662,Roth,5.15456E+15,VRN35BUU9WS,54208
46928,Curran,5.10448E+15,LBZ68MZQ0IJ,24253
71405,Xantha,5.36235E+15,EUZ14GCE8EC,10976
8886,Adara,5.47807E+15,GGV12TZQ3HS,28954
76862,Nola,5.58912E+15,VZV23UBU5LU,51254
76226,Zahir,5.5477E+15,QFB17PBG3TD,41445
92176,Hop,5.26919E+15,BEN50OKQ8OU,25954
86002,Shaine,5.40458E+15,PQC22FLY3UM,98971
91584,Calvin,5.36624E+15,NTG25HLF1YT,81224
16947,Claire,5.35535E+15,OKM06AZZ3BP,52934
53427,Shelly,5.56073E+15,WNY82IBM1MX,54208
92741,Laurel,5.5287E+15,KUD15GNF5WK,24253
21939,Melinda,5.13087E+15,QSO89PHV9UF,10976
30296,Hilary,5.51376E+15,TVL03EXT5CZ,28954
40703,Flynn,5.16201E+15,CMQ77FEH9CA,51254
74830,Brooke,5.12068E+15,UIY26VBW4VO,41445
60114,Oprah,5.54169E+15,JFH69VLU3DZ,25954
22880,Renee,5.54368E+15,TBP32RZY1BK,98971
21407,Madonna,5.17858E+15,GNS41ECK7SM,81224
87766,Chantale,5.26106E+15,BHU50VML6DE,52934
94472,Channing,5.57907E+15,QOA93YUQ0QE,54208
54285,Acton,5.43578E+15,JUZ73CRG1ZK,24253
20513,Kylan,5.35128E+15,WKM87EAT8GT,10976
60024,Jada,5.57859E+15,AGH55XOP7AF,28954
6843,Darryl,5.48076E+15,SIB34UEJ3TT,51254
16516,Willa,5.13853E+15,YIK57KFX2AW,41445
9080,Isabelle,5.20306E+15,DKK29RKP3CY,25954
78872,Ivory,5.10896E+15,OBG47NZD3EX,98971
72988,Mark,5.18179E+15,NVZ21NPI6CQ,81224
22453,Blaze,5.58657E+15,QME32DYF4BQ,52934
17494,Quamar,5.56223E+15,PGM65TBR6OP,54208
59260,Harding,5.28488E+15,JXX10YLY8JS,24253
12752,Berk,5.45708E+15,UAC41BAA9MO,10976
56426,Lamar,5.40601E+15,RTW67XLC9HJ,28954
41891,Aristotle,5.20495E+15,XIR06CEZ9XE,51254
73841,Rama,5.50436E+15,HMJ64YEM0VZ,41445
3612,Emma,5.42734E+15,PTB96ZSB4GB,25954
74765,Aaron,5.48978E+15,WFI11UQO8TG,98971
47267,Forrest,5.55668E+15,IZI76UOG1OD,81224
53658,Curran,5.59333E+15,XWN28UWM4EO,52934
51235,Jeremy,5.27759E+15,PMW40OTH8XM,54208
40594,Willow,5.49754E+15,YXQ52RJC3PE,24253
78385,Eaton,5.15449E+15,GIG12KUC2EK,10976
88084,Jemima,5.46732E+15,IHW82RFR7ZU,28954
66912,Gloria,5.22757E+15,ACM70ZNF7NZ,51254
89765,Reed,5.19188E+15,TRB17HRO0XV,41445
11486,Cameran,5.11817E+15,KGR16KJQ8WR,25954
17189,Mira,5.55559E+15,GFZ44VTA8CS,98971
58014,Ferdinand,5.46531E+15,AXU23RKA4RJ,81224
5381,Cathleen,5.45579E+15,BLV96JSF7DT,52934
9264,Aristotle,5.29791E+15,FPQ65ROB3MA,54208
44905,Azalia,5.42825E+15,OWS97HAE0ZM,24253
33940,Alan,5.52935E+15,MKX42HQS5AJ,10976
56805,Rose,5.54509E+15,LON25JZD4LW,28954
13746,Dieter,5.18097E+15,VJV34DIB6HE,51254
93653,Kelsie,5.29132E+15,JHM07VTR3YJ,41445
77716,Chancellor,5.15762E+15,TRM69BAV7YO,25954
60011,Paloma,5.56492E+15,IGD99RZI7OL,98971
57351,Charity,5.5052E+15,NHL83XAE7BF,81224
31360,Lisandra,5.26357E+15,RFP21VQE4VI,52934
67750,Vincent,5.45679E+15,WXV22JWC2HZ,54208
14080,Irene,5.301E+15,JTX19PAO5ZL,24253
97390,Raven,5.45619E+15,ZAF92QWD6CK,10976
36135,Reese,5.2454E+15,FLJ20DWY2ZU,28954
96109,Benedict,5.4677E+15,AQC59XJX8JW,51254
66061,Kerry,5.34682E+15,JTC98LIR4OJ,41445
29068,Eleanor,5.31806E+15,AZJ15MOC4JH,25954
81225,Aretha,5.15414E+15,NZA10DHC0UC,98971
4741,Aretha,5.54162E+15,QFR10DVF0YC,81224
96923,Lillith,5.53772E+15,DRS47ZTK6EX,52934
78576,Tatum,5.21301E+15,UUI24ETO5RX,54208
45580,Chava,5.20005E+15,OZR65RRB4WT,24253
17362,Deanna,5.1784E+15,EGJ79XOJ5WQ,10976
91894,Lars,5.20901E+15,AHV90FSH3LT,28954
79510,Oliver,5.56789E+15,AKK86APV9OJ,51254
37844,Norman,5.27569E+15,TSL77EFE5CU,41445
3690,Fredericka,5.23796E+15,KWS16HLN9RN,25954
68750,Sophia,5.27013E+15,MTR88ABG4QR,98971
75479,Heather,5.50423E+15,UIF22DNS1MB,81224
85283,Lee,5.21168E+15,LNV39MHQ2ZH,52934
47198,Emmanuel,5.2458E+15,KAY63ODA8JL,54208
16853,Eden,5.4018E+15,UZQ25JVE4LN,24253
72864,Chancellor,5.15157E+15,ORY94JYK3IZ,10976
66277,Xanthus,5.56739E+15,RYQ54MXG7DI,28954
74231,Hayes,5.41879E+15,QQD28HNC6DP,51254
