Account_Number,Beneficiary_account,Recurring_Amount
5.43593E+15,5.45679E+15,30791
5.57274E+15,5.301E+15,43848
5.12088E+15,5.45619E+15,48588
5.43859E+15,5.2454E+15,77818
5.37984E+15,5.4677E+15,27908
5.19309E+15,5.34682E+15,97554
5.29511E+15,5.31806E+15,21016
5.29656E+15,5.15414E+15,49592
5.39921E+15,5.54162E+15,78495
5.5909E+15,5.53772E+15,16603
5.58388E+15,5.21301E+15,14036
5.51585E+15,5.20005E+15,71119
5.40256E+15,5.1784E+15,1270
5.45129E+15,5.20901E+15,74122
5.35408E+15,5.56789E+15,45336
5.33129E+15,5.27569E+15,46160
5.44355E+15,5.23796E+15,76755
5.45387E+15,5.27013E+15,78674
5.32034E+15,5.50423E+15,33071
5.17317E+15,5.21168E+15,64476
5.27297E+15,5.2458E+15,98861
5.23303E+15,5.4018E+15,6881
5.19242E+15,5.15157E+15,33130
5.26682E+15,5.56739E+15,4589
5.54189E+15,5.41879E+15,35626
5.59783E+15,5.49491E+15,31640
5.50673E+15,5.38545E+15,87263
5.21178E+15,5.31162E+15,17242
5.12286E+15,5.50156E+15,24372
5.42259E+15,5.19405E+15,85692
5.24686E+15,5.42207E+15,74214
5.52315E+15,5.23442E+15,76156
5.41355E+15,5.55956E+15,87624
5.28728E+15,5.49162E+15,36237
5.33399E+15,5.49767E+15,50659
5.17497E+15,5.30496E+15,36598
5.42549E+15,5.11282E+15,44244
5.19965E+15,5.39836E+15,81580
5.24415E+15,5.39174E+15,81136
5.11899E+15,5.51626E+15,68469
5.20861E+15,5.15456E+15,83929
5.59799E+15,5.10448E+15,66533
5.21491E+15,5.36235E+15,22715
5.34633E+15,5.47807E+15,17331
5.29166E+15,5.58912E+15,15929
5.24125E+15,5.5477E+15,69610
5.51983E+15,5.26919E+15,49744
5.15732E+15,5.40458E+15,90721
5.48996E+15,5.36624E+15,29894
5.48911E+15,5.35535E+15,57963
5.58899E+15,5.56073E+15,6898
5.12366E+15,5.5287E+15,30174
5.13689E+15,5.13087E+15,91329
5.22086E+15,5.51376E+15,2235
5.13054E+15,5.16201E+15,42604
5.10223E+15,5.12068E+15,91449
5.55436E+15,5.54169E+15,83085
5.43986E+15,5.54368E+15,82953
5.31086E+15,5.17858E+15,47746
5.12735E+15,5.26106E+15,80198
5.52871E+15,5.57907E+15,17034
5.28326E+15,5.43578E+15,25062
5.54925E+15,5.35128E+15,13191
5.2668E+15,5.57859E+15,59581
5.19175E+15,5.48076E+15,39388
5.17919E+15,5.13853E+15,25563
5.35645E+15,5.20306E+15,23611
5.50605E+15,5.10896E+15,51647
5.19764E+15,5.18179E+15,8278
5.48052E+15,5.58657E+15,40159
5.10153E+15,5.56223E+15,78804
5.12909E+15,5.28488E+15,24305
5.55847E+15,5.45708E+15,64246
5.31603E+15,5.40601E+15,77110
5.18561E+15,5.20495E+15,75686
5.30618E+15,5.50436E+15,23132
5.13861E+15,5.42734E+15,90454
5.52918E+15,5.48978E+15,17530
5.14233E+15,5.55668E+15,9053
5.29565E+15,5.59333E+15,24017
5.51685E+15,5.27759E+15,55044
5.34252E+15,5.49754E+15,391
5.16679E+15,5.15449E+15,15453
5.47116E+15,5.46732E+15,42178
5.51033E+15,5.22757E+15,61514
5.50933E+15,5.19188E+15,8832
5.2983E+15,5.11817E+15,33269
5.26903E+15,5.55559E+15,97704
5.10219E+15,5.46531E+15,49581
5.358E+15,5.45579E+15,16215
5.35899E+15,5.29791E+15,47578
5.2215E+15,5.42825E+15,61188
5.18903E+15,5.52935E+15,18329
5.23525E+15,5.54509E+15,40246
5.19227E+15,5.18097E+15,65714
5.43205E+15,5.29132E+15,94019
5.13392E+15,5.15762E+15,81067
5.40563E+15,5.56492E+15,21358
5.21621E+15,5.5052E+15,31061
5.57094E+15,5.26357E+15,97591
