Service_Provider_ID,Service_Provider_Name,Audit_Details,Auditor_ID,Administrator_ID,Customer_ID
5.52112E+15,Quinn,9,41445,6591280989,51516
5.22059E+15,Jin,3,25954,3687598091,85820
5.54259E+15,Timothy,9,98971,8600365895,92538
5.58024E+15,Cody,1,81224,3156620572,31554
5.23787E+15,Macon,7,52934,9240093888,94914
5.12783E+15,Walter,2,54208,0772427985,86418
5.42011E+15,Kenyon,4,24253,8146816319,9140
5.56939E+15,Cooper,5,10976,3765992793,6569
5.54795E+15,Mia,9,28954,6501774679,4118
5.23883E+15,Stuart,2,51254,5872994732,11854
5.19038E+15,Henry,5,41445,2999339791,85671
5.39923E+15,Audra,6,25954,2500608078,78933
5.16083E+15,Quinlan,7,98971,1175693089,81129
5.37629E+15,Lillith,6,81224,4383631372,76420
5.54082E+15,Colby,2,52934,5965202007,15936
5.23381E+15,Chaney,6,54208,3840737835,38662
5.38871E+15,Wilma,8,24253,5150633322,46928
5.29114E+15,Florence,5,10976,6954057699,71405
5.51823E+15,Cameron,9,28954,6793473624,8886
5.52954E+15,Zane,3,51254,3076160406,76862
5.33452E+15,Jonah,3,41445,2927065725,76226
5.40079E+15,Buckminster,2,25954,7456711857,92176
5.27255E+15,Mara,8,98971,6602972422,86002
5.21646E+15,Owen,2,81224,1967701810,91584
5.13939E+15,Orson,7,52934,4754379096,16947
5.13404E+15,Adam,9,54208,6591280989,53427
5.57911E+15,Brock,8,24253,3687598091,92741
5.19075E+15,Jasmine,3,10976,8600365895,21939
5.59892E+15,Robert,4,28954,3156620572,30296
5.5047E+15,Kamal,9,51254,9240093888,40703
5.57825E+15,Cameron,5,41445,0772427985,74830
5.1015E+15,Gloria,8,25954,8146816319,60114
5.32549E+15,Uriah,9,98971,3765992793,22880
5.48858E+15,Hope,2,81224,6501774679,21407
5.21907E+15,Bernard,3,52934,5872994732,87766
5.21914E+15,Aurelia,10,54208,2999339791,94472
5.34421E+15,Keelie,1,24253,2500608078,54285
5.30217E+15,Emery,5,10976,1175693089,20513
5.31317E+15,Indira,2,28954,4383631372,60024
5.28526E+15,Lareina,7,51254,5965202007,6843
5.54095E+15,Neil,1,41445,3840737835,16516
5.2879E+15,Baker,7,25954,5150633322,9080
5.51267E+15,Geoffrey,9,98971,6954057699,78872
5.33379E+15,Cain,2,81224,6793473624,72988
5.31549E+15,Kim,7,52934,3076160406,22453
5.34522E+15,Serena,1,54208,2927065725,17494
5.43248E+15,Sade,5,24253,7456711857,59260
5.11597E+15,Courtney,4,10976,6602972422,12752
5.51124E+15,Lucas,8,28954,1967701810,56426
5.22529E+15,Edward,3,51254,4754379096,41891
5.19878E+15,Giacomo,8,41445,6591280989,73841
5.36329E+15,Callum,9,25954,3687598091,3612
5.40927E+15,Uriel,1,98971,8600365895,74765
5.22287E+15,Raja,5,81224,3156620572,47267
5.43642E+15,Isabelle,1,52934,9240093888,53658
5.16931E+15,Martha,1,54208,0772427985,51235
5.11345E+15,Mohammad,4,24253,8146816319,40594
5.36785E+15,Elliott,2,10976,3765992793,78385
5.33283E+15,Clarke,7,28954,6501774679,88084
5.41701E+15,Allen,5,51254,5872994732,66912
5.24965E+15,Dennis,5,41445,2999339791,89765
5.24742E+15,Risa,7,25954,2500608078,11486
5.46847E+15,Levi,2,98971,1175693089,17189
5.10317E+15,Melanie,3,81224,4383631372,58014
5.4202E+15,Lee,2,52934,5965202007,5381
5.44895E+15,Noble,6,54208,3840737835,9264
5.40201E+15,Blossom,9,24253,5150633322,44905
5.36055E+15,Meghan,10,10976,6954057699,33940
5.37469E+15,Shannon,5,28954,6793473624,56805
5.52272E+15,Jelani,10,51254,3076160406,13746
5.39001E+15,Bruce,6,41445,2927065725,93653
5.45547E+15,Mariko,8,25954,7456711857,77716
5.10059E+15,Brennan,7,98971,6602972422,60011
5.41242E+15,Uma,8,81224,1967701810,57351
5.57871E+15,Alan,2,52934,4754379096,31360
5.53877E+15,Nathan,10,54208,6591280989,67750
5.34102E+15,Felix,1,24253,3687598091,14080
5.49042E+15,Tiger,3,10976,8600365895,97390
5.33235E+15,Kerry,3,28954,3156620572,36135
5.36306E+15,Edward,7,51254,9240093888,96109
5.45972E+15,Christian,9,41445,0772427985,66061
5.19605E+15,Scarlett,2,25954,8146816319,29068
5.48687E+15,Sonya,2,98971,3765992793,81225
5.35017E+15,Karleigh,6,81224,6501774679,4741
5.1777E+15,Rigel,1,52934,5872994732,96923
5.35853E+15,Buckminster,10,54208,2999339791,78576
5.10381E+15,Calista,9,24253,2500608078,45580
5.38134E+15,Chanda,8,10976,1175693089,17362
5.35489E+15,Ursa,3,28954,4383631372,91894
5.50859E+15,Alfreda,4,51254,5965202007,79510
5.43871E+15,Aileen,4,41445,3840737835,37844
5.31827E+15,Samson,9,25954,5150633322,3690
5.39408E+15,Cherokee,10,98971,6954057699,68750
5.5114E+15,Anastasia,10,81224,6793473624,75479
5.26641E+15,Zenia,4,52934,3076160406,85283
5.29521E+15,Rose,4,54208,2927065725,47198
5.165E+15,Grant,9,24253,7456711857,16853
5.22928E+15,Cullen,5,10976,6602972422,72864
5.32008E+15,Orson,4,28954,1967701810,66277
5.1087E+15,Louis,8,51254,4754379096,74231
